seed,n_sources,cleared,ratio,avg_locate_clear_s,virtual_total_s,n_measure,n_clear,n_clear_miss,wall_s,error
1,11,11,1.0,425.399,4679.391,128,11,0,0.0712,
2,16,16,1.0,299.419,4790.706,125,16,0,0.0891,
3,11,11,1.0,380.11,4181.213,153,11,0,0.0971,
4,11,11,1.0,362.034,3982.379,135,11,0,0.0748,
5,14,14,1.0,371.775,5204.85,126,14,0,0.0844,
6,16,16,1.0,315.014,5040.225,119,16,0,0.098,
7,12,12,1.0,365.892,4390.707,138,12,0,0.1276,
8,11,11,1.0,425.738,4683.114,135,11,0,0.0913,
9,13,13,1.0,344.556,4479.232,127,13,0,0.0877,
10,14,14,1.0,357.515,5005.214,124,14,0,0.0865,
11,13,13,1.0,366.449,4763.842,122,13,0,0.0668,
12,13,13,1.0,354.646,4610.398,141,13,0,0.0961,
13,12,12,1.0,367.221,4406.656,138,12,0,0.1009,
14,10,10,1.0,441.064,4410.644,135,10,0,0.0816,
15,11,11,1.0,380.504,4185.54,126,11,0,0.0746,
16,12,12,1.0,380.374,4564.482,136,12,0,0.0702,
17,14,14,1.0,359.223,5029.126,144,14,0,0.1025,
18,11,11,1.0,370.304,4073.341,142,11,0,0.0971,
19,15,15,1.0,295.809,4437.138,125,15,0,0.0796,
20,15,15,1.0,312.514,4687.714,128,15,0,0.0938,
21,11,11,1.0,378.845,4167.3,134,11,0,0.0736,
22,11,11,1.0,404.34,4447.74,128,11,0,0.0982,
23,16,16,1.0,293.036,4688.57,136,16,0,0.1129,
24,15,15,1.0,326.816,4902.241,144,15,0,0.124,
25,13,13,1.0,344.203,4474.645,126,13,0,0.0759,
26,15,15,1.0,344.357,5165.353,114,15,0,0.0727,
27,15,15,1.0,299.475,4492.132,134,15,0,0.0931,
28,10,10,1.0,435.344,4353.435,133,10,0,0.1094,
29,14,14,1.0,351.972,4927.614,140,14,0,0.1118,
30,14,14,1.0,344.105,4817.464,131,14,0,0.0896,
31,10,10,1.0,433.074,4330.737,135,10,0,0.0779,
32,10,10,1.0,385.843,3858.425,132,10,0,0.0781,
33,14,14,1.0,350.214,4902.993,128,14,0,0.086,
34,14,14,1.0,322.965,4521.506,136,14,0,0.0879,
35,14,14,1.0,361.893,5066.508,126,14,0,0.086,
36,12,12,1.0,387.917,4654.999,137,12,0,0.0796,
37,15,15,1.0,348.195,5222.932,132,15,0,0.0869,
38,15,15,1.0,330.039,4950.591,128,15,0,0.0946,
39,11,11,1.0,370.738,4078.122,138,11,0,0.089,
40,13,13,1.0,326.682,4246.865,145,13,0,0.1014,
41,13,13,1.0,345.437,4490.679,133,13,0,0.079,
42,15,15,1.0,314.928,4723.915,111,15,0,0.0844,
43,10,10,1.0,402.271,4022.713,135,10,0,0.0833,
44,13,13,1.0,386.22,5020.854,131,13,0,0.0856,
45,12,12,1.0,380.113,4561.361,134,12,0,0.0736,
46,10,10,1.0,412.185,4121.849,129,10,0,0.0667,
47,12,12,1.0,386.703,4640.438,133,12,0,0.0779,
48,14,14,1.0,339.637,4754.914,133,14,0,0.0927,
49,10,10,1.0,380.673,3806.73,147,10,0,0.0979,
50,13,13,1.0,375.081,4876.055,130,13,0,0.0951,
51,11,11,1.0,375.798,4133.783,138,11,0,0.0996,
52,12,12,1.0,373.817,4485.804,137,12,0,0.0746,
53,14,14,1.0,342.375,4793.253,131,14,0,0.0896,
54,11,11,1.0,386.757,4254.323,131,11,0,0.0813,
55,10,10,1.0,370.221,3702.212,141,10,0,0.0691,
56,16,16,1.0,304.932,4878.905,120,16,0,0.0905,
57,10,10,1.0,437.515,4375.153,139,10,0,0.085,
58,14,14,1.0,329.243,4609.398,114,14,0,0.0687,
59,11,11,1.0,383.459,4218.052,151,11,0,0.0733,
60,12,12,1.0,388.164,4657.963,138,12,0,0.0714,
61,13,13,1.0,316.742,4117.642,134,13,0,0.0661,
62,14,14,1.0,310.891,4352.468,144,14,0,0.101,
63,13,13,1.0,355.442,4620.752,134,13,0,0.0917,
64,13,13,1.0,350.616,4558.007,133,13,0,0.1024,
65,13,13,1.0,347.694,4520.023,131,13,0,0.1217,
66,10,10,1.0,393.99,3939.905,141,10,0,0.0879,
67,10,10,1.0,428.066,4280.657,139,10,0,0.0675,
68,15,15,1.0,311.251,4668.761,136,15,0,0.081,
69,15,15,1.0,312.914,4693.709,129,15,0,0.0929,
70,10,10,1.0,423.585,4235.851,140,10,0,0.0784,
71,12,12,1.0,365.431,4385.169,133,12,0,0.0778,
72,10,10,1.0,425.226,4252.263,136,10,0,0.0846,
73,12,12,1.0,393.788,4725.456,126,12,0,0.0875,
74,16,16,1.0,313.77,5020.324,118,16,0,0.0963,
75,13,13,1.0,369.766,4806.957,137,13,0,0.1159,
76,12,12,1.0,389.86,4678.323,133,12,0,0.0794,
77,16,16,1.0,343.615,5497.837,135,16,0,0.1004,
78,16,16,1.0,323.235,5171.765,138,16,0,0.0881,
79,11,11,1.0,421.033,4631.364,144,11,0,0.0943,
80,12,12,1.0,346.229,4154.751,132,12,0,0.0726,
81,14,14,1.0,369.638,5174.929,133,14,0,0.08,
82,11,11,1.0,393.478,4328.259,133,11,0,0.083,
83,13,13,1.0,389.638,5065.298,138,13,0,0.079,
84,15,15,1.0,334.858,5022.871,149,15,0,0.0873,
85,11,11,1.0,400.681,4407.493,134,11,0,0.0704,
86,16,16,1.0,353.62,5657.912,136,16,0,0.0958,
87,11,11,1.0,403.947,4443.414,146,11,0,0.0742,
88,13,13,1.0,349.043,4537.557,139,13,0,0.0783,
89,10,10,1.0,411.419,4114.193,130,10,0,0.0847,
90,11,11,1.0,400.913,4410.045,138,11,0,0.0726,
91,10,10,1.0,426.919,4269.195,148,10,0,0.0704,
92,13,13,1.0,343.403,4464.243,152,13,0,0.0851,
93,16,16,1.0,338.24,5411.834,112,16,0,0.082,
94,14,14,1.0,382.551,5355.721,128,14,0,0.07,
95,16,16,1.0,301.029,4816.466,126,16,0,0.1063,
96,12,12,1.0,414.771,4977.248,127,12,0,0.096,
97,11,11,1.0,411.511,4526.616,131,11,0,0.1075,
98,12,12,1.0,376.959,4523.511,135,12,0,0.0802,
99,13,13,1.0,364.883,4743.484,134,13,0,0.0924,
100,11,11,1.0,402.927,4432.2,144,11,0,0.0692,
101,14,14,1.0,380.107,5321.504,138,14,0,0.0844,
102,11,11,1.0,400.016,4400.175,131,11,0,0.078,
103,15,15,1.0,335.471,5032.061,126,15,0,0.086,
104,10,10,1.0,472.493,4724.929,130,10,0,0.0635,
105,14,14,1.0,341.171,4776.388,151,14,0,0.1096,
106,15,15,1.0,322.337,4835.05,115,15,0,0.0898,
107,11,11,1.0,402.515,4427.67,143,11,0,0.1094,
108,11,11,1.0,396.11,4357.208,144,11,0,0.0871,
109,12,12,1.0,376.732,4520.785,141,12,0,0.0994,
110,13,13,1.0,393.231,5112.009,130,13,0,0.0855,
111,16,16,1.0,333.367,5333.878,127,16,0,0.092,
112,13,13,1.0,367.014,4771.176,128,13,0,0.0694,
113,10,10,1.0,416.712,4167.119,134,10,0,0.0823,
114,11,11,1.0,393.675,4330.425,131,11,0,0.0809,
115,12,12,1.0,355.243,4262.915,146,12,0,0.0901,
116,16,16,1.0,315.48,5047.682,127,16,0,0.1124,
117,11,11,1.0,390.646,4297.106,131,11,0,0.072,
118,15,15,1.0,354.991,5324.868,133,15,0,0.1002,
119,12,12,1.0,384.598,4615.174,129,12,0,0.0924,
120,14,14,1.0,351.043,4914.608,138,14,0,0.1205,
121,10,10,1.0,373.52,3735.204,133,10,0,0.0872,
122,14,14,1.0,338.366,4737.122,116,14,0,0.075,
123,10,10,1.0,408.774,4087.737,148,10,0,0.0685,
124,12,12,1.0,394.776,4737.313,139,12,0,0.0814,
125,11,11,1.0,368.751,4056.258,139,11,0,0.0742,
126,14,14,1.0,343.853,4813.948,124,14,0,0.0831,
127,10,10,1.0,419.461,4194.611,133,10,0,0.068,
128,16,16,1.0,295.543,4728.692,126,16,0,0.1116,
129,14,14,1.0,333.623,4670.726,121,14,0,0.0775,
130,14,14,1.0,348.373,4877.224,120,14,0,0.0735,
131,12,12,1.0,426.957,5123.482,147,12,0,0.0817,
132,13,13,1.0,312.415,4061.399,125,13,0,0.0722,
133,13,13,1.0,356.457,4633.943,128,13,0,0.0947,
134,13,13,1.0,331.231,4306.006,129,13,0,0.0849,
135,15,15,1.0,323.36,4850.399,137,15,0,0.0873,
136,14,14,1.0,373.395,5227.523,119,14,0,0.0826,
137,10,10,1.0,431.8,4317.996,142,10,0,0.0702,
138,11,11,1.0,400.632,4406.95,130,11,0,0.0617,
139,10,10,1.0,411.314,4113.143,140,10,0,0.0773,
140,16,16,1.0,326.704,5227.272,129,16,0,0.0892,
141,14,14,1.0,314.911,4408.755,121,14,0,0.0918,
142,14,14,1.0,335.222,4693.108,133,14,0,0.1035,
143,11,11,1.0,408.138,4489.514,134,11,0,0.097,
144,13,13,1.0,340.897,4431.655,135,13,0,0.0875,
145,16,16,1.0,328.12,5249.928,144,16,0,0.1222,
146,11,11,1.0,393.171,4324.886,148,11,0,0.0956,
147,14,14,1.0,354.874,4968.231,128,14,0,0.0797,
148,13,13,1.0,379.526,4933.835,139,13,0,0.0964,
149,10,10,1.0,462.462,4624.622,141,10,0,0.0762,
150,16,16,1.0,331.378,5302.045,139,16,0,0.0946,
151,15,15,1.0,338.182,5072.729,130,15,0,0.0974,
152,16,16,1.0,309.715,4955.442,140,16,0,0.1275,
153,13,13,1.0,389.015,5057.192,126,13,0,0.0873,
154,11,11,1.0,377.601,4153.608,135,11,0,0.078,
155,14,14,1.0,354.957,4969.403,133,14,0,0.1098,
156,13,13,1.0,352.568,4583.39,135,13,0,0.1159,
157,14,14,1.0,342.342,4792.792,137,14,0,0.1192,
158,15,15,1.0,340.603,5109.039,119,15,0,0.08,
159,13,13,1.0,340.693,4429.015,139,13,0,0.073,
160,10,10,1.0,422.083,4220.828,138,10,0,0.0623,
161,14,14,1.0,360.804,5051.259,132,14,0,0.0918,
162,10,10,1.0,436.839,4368.388,143,10,0,0.0892,
163,14,14,1.0,358.657,5021.198,146,14,0,0.0878,
164,10,10,1.0,400.765,4007.652,151,10,0,0.1071,
165,10,10,1.0,415.196,4151.962,134,10,0,0.0663,
166,11,11,1.0,395.072,4345.796,143,11,0,0.0781,
167,11,11,1.0,383.087,4213.958,132,11,0,0.0802,
168,15,15,1.0,308.829,4632.438,149,15,0,0.0999,
169,12,12,1.0,378.896,4546.755,122,12,0,0.0699,
170,16,16,1.0,308.653,4938.453,121,16,0,0.0891,
171,16,16,1.0,329.087,5265.394,141,16,0,0.0979,
172,12,12,1.0,357.112,4285.35,137,12,0,0.0804,
173,12,12,1.0,382.635,4591.619,138,12,0,0.0942,
174,16,16,1.0,314.023,5024.375,130,16,0,0.1031,
175,13,13,1.0,342.97,4458.608,132,13,0,0.0779,
176,10,10,1.0,405.556,4055.56,136,10,0,0.0859,
177,11,11,1.0,464.622,5110.839,131,11,0,0.0676,
178,10,10,1.0,430.33,4303.295,142,10,0,0.0855,
179,16,16,1.0,317.787,5084.594,121,16,0,0.0836,
180,11,11,1.0,406.097,4467.071,132,11,0,0.0718,
181,14,14,1.0,334.923,4688.916,126,14,0,0.0794,
182,13,13,1.0,370.58,4817.542,150,13,0,0.1009,
183,10,10,1.0,408.405,4084.051,138,10,0,0.0954,
184,12,12,1.0,367.462,4409.541,132,12,0,0.1034,
185,16,16,1.0,318.244,5091.908,132,16,0,0.1039,
186,12,12,1.0,375.756,4509.076,132,12,0,0.0909,
187,12,12,1.0,384.293,4611.521,141,12,0,0.0767,
188,16,16,1.0,310.205,4963.284,133,16,0,0.0972,
189,13,13,1.0,357.487,4647.328,133,13,0,0.0853,
190,10,10,1.0,459.141,4591.414,144,10,0,0.084,
191,16,16,1.0,312.982,5007.704,138,16,0,0.0923,
192,12,12,1.0,369.241,4430.888,132,12,0,0.0707,
193,14,14,1.0,352.254,4931.549,134,14,0,0.0754,
194,16,16,1.0,271.582,4345.304,126,16,0,0.1102,
195,14,14,1.0,344.497,4822.965,132,14,0,0.0923,
196,15,15,1.0,329.376,4940.635,123,15,0,0.1281,
197,14,14,1.0,350.866,4912.128,129,14,0,0.1133,
198,10,10,1.0,342.196,3421.964,134,10,0,0.0831,
199,12,12,1.0,369.03,4428.358,135,12,0,0.0731,
200,10,10,1.0,425.945,4259.454,129,10,0,0.0875,
201,10,10,1.0,437.721,4377.214,146,10,0,0.0729,
202,16,16,1.0,307.604,4921.661,136,16,0,0.1104,
203,10,10,1.0,439.282,4392.823,137,10,0,0.1223,
204,13,13,1.0,351.604,4570.846,128,13,0,0.1344,
205,13,13,1.0,369.185,4799.402,138,13,0,0.1369,
206,10,10,1.0,459.089,4590.894,122,10,0,0.0821,
207,14,14,1.0,363.706,5091.88,132,14,0,0.1127,
208,12,12,1.0,389.751,4677.008,134,12,0,0.0896,
209,14,14,1.0,368.236,5155.301,119,14,0,0.118,
210,13,13,1.0,354.552,4609.182,135,13,0,0.0915,
211,14,14,1.0,332.684,4657.573,143,14,0,0.1203,
212,13,13,1.0,380.878,4951.414,140,13,0,0.1047,
213,11,11,1.0,383.905,4222.95,139,11,0,0.1021,
214,14,14,1.0,327.911,4590.749,129,14,0,0.0906,
215,10,10,1.0,388.134,3881.338,138,10,0,0.0993,
216,16,16,1.0,296.933,4750.93,119,16,0,0.0898,
217,12,12,1.0,371.792,4461.509,134,12,0,0.0928,
218,12,12,1.0,392.974,4715.69,128,12,0,0.0828,
219,15,15,1.0,356.028,5340.414,136,15,0,0.115,
220,15,15,1.0,294.795,4421.922,124,15,0,0.1366,
221,11,11,1.0,417.869,4596.561,135,11,0,0.1475,
222,16,16,1.0,310.929,4974.86,119,16,0,0.1091,
223,12,12,1.0,361.152,4333.828,142,12,0,0.1116,
224,10,10,1.0,395.291,3952.913,155,10,0,0.0901,
225,15,15,1.0,355.928,5338.914,128,15,0,0.0793,
226,13,13,1.0,377.715,4910.296,136,13,0,0.0861,
227,13,13,1.0,360.285,4683.711,129,13,0,0.0899,
228,16,16,1.0,313.415,5014.646,145,16,0,0.1159,
229,14,14,1.0,366.676,5133.47,141,14,0,0.1314,
230,15,15,1.0,338.663,5079.939,127,15,0,0.1508,
231,16,16,1.0,312.08,4993.286,140,16,0,0.1035,
232,12,12,1.0,395.16,4741.923,139,12,0,0.1253,
233,15,15,1.0,341.8,5126.996,124,15,0,0.1492,
234,12,12,1.0,363.837,4366.044,137,12,0,0.1079,
235,12,12,1.0,370.608,4447.293,129,12,0,0.089,
236,15,15,1.0,321.323,4819.842,132,15,0,0.1135,
237,14,14,1.0,338.254,4735.55,127,14,0,0.1004,
238,16,16,1.0,330.966,5295.452,129,16,0,0.1099,
239,10,10,1.0,447.503,4475.033,142,10,0,0.0989,
240,16,16,1.0,337.403,5398.454,126,16,0,0.1273,
241,15,15,1.0,321.489,4822.331,129,15,0,0.1333,
242,12,12,1.0,365.436,4385.23,129,12,0,0.1104,
243,14,14,1.0,340.486,4766.805,142,14,0,0.1103,
244,16,16,1.0,323.278,5172.452,124,16,0,0.1145,
245,11,11,1.0,420.351,4623.859,142,11,0,0.1101,
246,10,10,1.0,440.662,4406.618,142,10,0,0.1714,
247,13,13,1.0,371.939,4835.201,130,13,0,0.1124,
248,16,16,1.0,334.211,5347.38,115,16,0,0.1141,
249,12,12,1.0,346.179,4154.153,131,12,0,0.1388,
250,13,13,1.0,362.481,4712.259,141,13,0,0.1661,
251,13,13,1.0,371.46,4828.983,138,13,0,0.1224,
252,16,16,1.0,288.598,4617.564,126,16,0,0.1276,
253,14,14,1.0,331.636,4642.902,134,14,0,0.1027,
254,12,12,1.0,366.321,4395.856,147,12,0,0.1012,
255,10,10,1.0,429.442,4294.419,136,10,0,0.0963,
256,13,13,1.0,378.906,4925.78,136,13,0,0.0929,
257,12,12,1.0,378.84,4546.08,126,12,0,0.0858,
258,15,15,1.0,324.774,4871.605,126,15,0,0.0934,
259,10,10,1.0,394.244,3942.435,130,10,0,0.0704,
260,11,11,1.0,396.763,4364.397,133,11,0,0.0839,
261,13,13,1.0,333.838,4339.891,120,13,0,0.1163,
262,12,12,1.0,370.514,4446.166,140,12,0,0.1188,
263,15,15,1.0,345.46,5181.902,137,15,0,0.0934,
264,14,14,1.0,349.167,4888.337,128,14,0,0.1011,
265,16,16,1.0,327.227,5235.63,129,16,0,0.0805,
266,10,10,1.0,416.744,4167.44,138,10,0,0.0782,
267,11,11,1.0,413.007,4543.077,149,11,0,0.0995,
268,16,16,1.0,282.735,4523.76,134,16,0,0.1043,
269,10,10,1.0,377.167,3771.67,128,10,0,0.092,
270,16,16,1.0,346.592,5545.478,122,16,0,0.0978,
271,13,13,1.0,360.28,4683.636,125,13,0,0.0917,
272,13,13,1.0,357.194,4643.522,139,13,0,0.0931,
273,11,11,1.0,345.407,3799.482,127,11,0,0.0852,
274,11,11,1.0,400.85,4409.347,150,11,0,0.0999,
275,16,16,1.0,329.695,5275.122,118,16,0,0.0981,
276,12,12,1.0,361.596,4339.151,138,12,0,0.1138,
277,10,10,1.0,403.07,4030.696,137,10,0,0.0935,
278,12,12,1.0,351.271,4215.249,130,12,0,0.1147,
279,13,13,1.0,372.735,4845.55,142,13,0,0.1237,
280,12,12,1.0,420.409,5044.913,141,12,0,0.0919,
281,10,10,1.0,419.818,4198.179,136,10,0,0.0709,
282,15,15,1.0,306.383,4595.743,131,15,0,0.0899,
283,15,15,1.0,331.94,4979.104,139,15,0,0.0927,
284,10,10,1.0,451.493,4514.929,132,10,0,0.0871,
285,14,14,1.0,322.368,4513.147,134,14,0,0.1123,
286,13,13,1.0,355.958,4627.453,137,13,0,0.0871,
287,14,14,1.0,345.166,4832.329,131,14,0,0.0945,
288,16,16,1.0,304.044,4864.709,131,16,0,0.1034,
289,16,16,1.0,311.087,4977.395,127,16,0,0.1104,
290,14,14,1.0,359.043,5026.598,132,14,0,0.0936,
291,15,15,1.0,321.41,4821.155,117,15,0,0.0939,
292,16,16,1.0,318.258,5092.127,143,16,0,0.1015,
293,13,13,1.0,357.623,4649.101,128,13,0,0.0878,
294,11,11,1.0,412.566,4538.231,131,11,0,0.086,
295,16,16,1.0,293.571,4697.14,122,16,0,0.0873,
296,10,10,1.0,404.429,4044.29,133,10,0,0.0989,
297,14,14,1.0,351.299,4918.187,144,14,0,0.0892,
298,11,11,1.0,366.998,4036.98,127,11,0,0.1118,
299,12,12,1.0,398.022,4776.263,132,12,0,0.0991,
300,14,14,1.0,327.256,4581.589,131,14,0,0.091,
301,13,13,1.0,368.082,4785.064,126,13,0,0.1224,
302,14,14,1.0,341.404,4779.657,139,14,0,0.0931,
303,10,10,1.0,414.057,4140.566,144,10,0,0.0809,
304,11,11,1.0,394.076,4334.831,138,11,0,0.0803,
305,11,11,1.0,393.221,4325.432,125,11,0,0.0881,
306,13,13,1.0,352.93,4588.084,137,13,0,0.0854,
307,15,15,1.0,335.917,5038.759,121,15,0,0.0866,
308,11,11,1.0,391.46,4306.055,130,11,0,0.1035,
309,10,10,1.0,442.968,4429.683,132,10,0,0.0931,
310,14,14,1.0,349.81,4897.337,136,14,0,0.0978,
311,16,16,1.0,348.993,5583.888,122,16,0,0.0735,
312,15,15,1.0,312.792,4691.88,114,15,0,0.0904,
313,14,14,1.0,323.781,4532.933,121,14,0,0.095,
314,11,11,1.0,426.543,4691.977,148,11,0,0.0731,
315,13,13,1.0,366.444,4763.776,139,13,0,0.0834,
316,10,10,1.0,430.622,4306.215,135,10,0,0.1009,
317,13,13,1.0,362.215,4708.795,134,13,0,0.1106,
318,15,15,1.0,336.731,5050.968,141,15,0,0.1057,
319,11,11,1.0,374.59,4120.492,150,11,0,0.0981,
320,13,13,1.0,340.605,4427.868,134,13,0,0.1081,
321,12,12,1.0,401.273,4815.28,133,12,0,0.0873,
322,16,16,1.0,314.716,5035.462,121,16,0,0.0971,
323,15,15,1.0,303.904,4558.559,109,15,0,0.0776,
324,14,14,1.0,331.85,4645.898,130,14,0,0.0872,
325,14,14,1.0,365.073,5111.024,130,14,0,0.0898,
326,10,10,1.0,376.743,3767.43,133,10,0,0.0895,
327,16,16,1.0,337.051,5392.82,134,16,0,0.0981,
328,15,15,1.0,342.38,5135.701,115,15,0,0.1026,
329,16,16,1.0,330.504,5288.066,123,16,0,0.0872,
330,14,14,1.0,365.683,5119.568,147,14,0,0.0757,
331,16,16,1.0,304.623,4873.966,127,16,0,0.0944,
332,11,11,1.0,387.372,4261.094,138,11,0,0.0849,
333,14,14,1.0,390.418,5465.852,146,14,0,0.0811,
334,11,11,1.0,388.191,4270.106,125,11,0,0.0634,
335,11,11,1.0,362.669,3989.361,131,11,0,0.0754,
336,10,10,1.0,424.288,4242.882,139,10,0,0.0926,
337,11,11,1.0,395.435,4349.789,134,11,0,0.0678,
338,10,10,1.0,451.897,4518.974,133,10,0,0.0876,
339,11,11,1.0,354.588,3900.466,126,11,0,0.0935,
340,13,13,1.0,356.196,4630.553,131,13,0,0.0798,
341,14,14,1.0,337.806,4729.284,122,14,0,0.1121,
342,10,10,1.0,395.643,3956.426,136,10,0,0.0845,
343,11,11,1.0,392.807,4320.877,133,11,0,0.1269,
344,13,13,1.0,370.934,4822.138,133,13,0,0.1632,
345,16,16,1.0,316.846,5069.534,118,16,0,0.1831,
346,14,14,1.0,355.462,4976.471,142,14,0,0.1849,
347,12,12,1.0,397.727,4772.729,132,12,0,0.1464,
348,16,16,1.0,317.911,5086.574,126,16,0,0.1544,
349,13,13,1.0,359.363,4671.713,123,13,0,0.1128,
350,12,12,1.0,375.06,4500.717,139,12,0,0.1115,
351,16,16,1.0,327.376,5238.01,133,16,0,0.1281,
352,12,12,1.0,401.333,4816.0,138,12,0,0.088,
353,10,10,1.0,433.977,4339.766,129,10,0,0.1303,
354,11,11,1.0,439.568,4835.245,149,11,0,0.1254,
355,11,11,1.0,386.303,4249.33,148,11,0,0.1119,
356,15,15,1.0,353.16,5297.397,133,15,0,0.1308,
357,11,11,1.0,352.9,3881.901,137,11,0,0.1155,
358,16,16,1.0,295.519,4728.297,123,16,0,0.135,
359,10,10,1.0,439.207,4392.073,132,10,0,0.0887,
360,11,11,1.0,419.511,4614.624,134,11,0,0.0985,
361,14,14,1.0,336.549,4711.692,115,14,0,0.0976,
362,16,16,1.0,332.576,5321.21,137,16,0,0.1018,
363,16,16,1.0,344.363,5509.802,123,16,0,0.1165,
364,16,16,1.0,332.549,5320.784,121,16,0,0.1523,
365,15,15,1.0,340.879,5113.187,124,15,0,0.1633,
366,10,10,1.0,396.846,3968.459,129,10,0,0.1825,
367,10,10,1.0,449.585,4495.85,142,10,0,0.1372,
368,13,13,1.0,358.401,4659.21,135,13,0,0.1806,
369,16,16,1.0,298.541,4776.662,122,16,0,0.254,
370,10,10,1.0,398.56,3985.603,121,10,0,0.1768,
371,12,12,1.0,361.674,4340.086,127,12,0,0.1247,
372,10,10,1.0,403.344,4033.438,134,10,0,0.1412,
373,10,10,1.0,423.393,4233.931,136,10,0,0.1304,
374,12,12,1.0,392.577,4710.925,132,12,0,0.1535,
375,11,11,1.0,424.093,4665.025,131,11,0,0.162,
376,15,15,1.0,329.802,4947.033,127,15,0,0.2797,
377,11,11,1.0,425.703,4682.737,136,11,0,0.2015,
378,10,10,1.0,432.872,4328.718,144,10,0,0.2732,
379,10,10,1.0,431.902,4319.025,138,10,0,0.2144,
380,11,11,1.0,368.078,4048.86,151,11,0,0.1728,
381,13,13,1.0,369.615,4805.001,144,13,0,0.2148,
382,10,10,1.0,420.352,4203.523,122,10,0,0.2036,
383,14,14,1.0,353.649,4951.089,124,14,0,0.2122,
384,15,15,1.0,345.201,5178.019,132,15,0,0.2039,
385,10,10,1.0,440.495,4404.954,141,10,0,0.1539,
386,14,14,1.0,348.567,4879.94,120,14,0,0.2109,
387,13,13,1.0,349.303,4540.944,132,13,0,0.1748,
388,16,16,1.0,341.845,5469.523,120,16,0,0.1723,
389,15,15,1.0,339.342,5090.135,124,15,0,0.1545,
390,14,14,1.0,339.675,4755.45,129,14,0,0.1825,
391,13,13,1.0,362.839,4716.91,136,13,0,0.1615,
392,14,14,1.0,350.484,4906.771,120,14,0,0.1943,
393,12,12,1.0,371.514,4458.171,130,12,0,0.1806,
394,11,11,1.0,380.082,4180.905,139,11,0,0.1908,
395,12,12,1.0,379.058,4548.692,128,12,0,0.2066,
396,10,10,1.0,405.9,4059.004,148,10,0,0.1796,
397,10,10,1.0,427.163,4271.633,145,10,0,0.2481,
398,13,13,1.0,322.924,4198.012,118,13,0,0.2215,
399,10,10,1.0,410.195,4101.949,142,10,0,0.1861,
400,12,12,1.0,382.062,4584.746,136,12,0,0.1373,
401,13,13,1.0,343.567,4466.375,137,13,0,0.1967,
402,16,16,1.0,308.986,4943.772,123,16,0,0.1774,
403,11,11,1.0,417.318,4590.493,130,11,0,0.1314,
404,10,10,1.0,427.063,4270.63,129,10,0,0.1578,
405,10,10,1.0,405.632,4056.325,132,10,0,0.1591,
406,13,13,1.0,360.325,4684.22,124,13,0,0.14,
407,15,15,1.0,359.721,5395.808,131,15,0,0.229,
408,16,16,1.0,325.133,5202.132,145,16,0,0.2226,
409,16,16,1.0,308.216,4931.449,126,16,0,0.2525,
410,11,11,1.0,413.43,4547.732,132,11,0,0.296,
411,11,11,1.0,431.527,4746.796,132,11,0,0.3742,
412,12,12,1.0,379.337,4552.043,134,12,0,0.3022,
413,16,16,1.0,318.934,5102.945,138,16,0,0.3317,
414,13,13,1.0,342.761,4455.888,138,13,0,0.3609,
415,16,16,1.0,293.011,4688.178,120,16,0,0.287,
416,12,12,1.0,401.319,4815.824,140,12,0,0.2501,
417,14,14,1.0,374.331,5240.641,140,14,0,0.3496,
418,12,12,1.0,345.285,4143.421,122,12,0,0.1658,
419,14,14,1.0,330.683,4629.565,126,14,0,0.1869,
420,10,10,1.0,405.76,4057.599,137,10,0,0.1664,
421,15,15,1.0,337.311,5059.667,127,15,0,0.1498,
422,13,13,1.0,332.586,4323.614,125,13,0,0.1285,
423,12,12,1.0,334.222,4010.661,124,12,0,0.1127,
424,14,14,1.0,353.095,4943.334,123,14,0,0.1091,
425,13,13,1.0,346.1,4499.297,137,13,0,0.1191,
426,11,11,1.0,379.964,4179.605,140,11,0,0.1042,
427,11,11,1.0,356.122,3917.34,132,11,0,0.127,
428,12,12,1.0,386.873,4642.475,135,12,0,0.1431,
429,14,14,1.0,351.046,4914.642,141,14,0,0.1585,
430,12,12,1.0,399.605,4795.262,153,12,0,0.2179,
431,12,12,1.0,355.183,4262.194,136,12,0,0.1517,
432,14,14,1.0,345.482,4836.751,132,14,0,0.1918,
433,11,11,1.0,423.86,4662.463,134,11,0,0.1455,
434,12,12,1.0,399.601,4795.213,132,12,0,0.1605,
435,16,16,1.0,335.843,5373.481,122,16,0,0.1612,
436,13,13,1.0,370.05,4810.65,141,13,0,0.1845,
437,14,14,1.0,357.681,5007.534,127,14,0,0.1421,
438,11,11,1.0,409.822,4508.045,150,11,0,0.1806,
439,13,13,1.0,338.103,4395.34,153,13,0,0.1513,
440,10,10,1.0,414.474,4144.742,137,10,0,0.1456,
441,11,11,1.0,374.428,4118.712,132,11,0,0.1672,
442,12,12,1.0,399.404,4792.845,127,12,0,0.1363,
443,16,16,1.0,294.752,4716.03,122,16,0,0.1686,
444,12,12,1.0,398.706,4784.474,131,12,0,0.1472,
445,14,14,1.0,298.406,4177.678,135,14,0,0.1807,
446,16,16,1.0,316.662,5066.591,140,16,0,0.1761,
447,13,13,1.0,371.61,4830.93,138,13,0,0.1627,
448,12,12,1.0,374.818,4497.812,118,12,0,0.1521,
449,11,11,1.0,433.776,4771.534,136,11,0,0.1416,
450,10,10,1.0,421.602,4216.024,139,10,0,0.1796,
451,10,10,1.0,397.417,3974.173,140,10,0,0.1456,
452,12,12,1.0,412.832,4953.984,121,12,0,0.1063,
453,11,11,1.0,408.627,4494.901,139,11,0,0.0964,
454,12,12,1.0,364.722,4376.665,125,12,0,0.1736,
455,16,16,1.0,306.663,4906.602,127,16,0,0.2996,
456,15,15,1.0,332.711,4990.671,136,15,0,0.2227,
457,16,16,1.0,316.096,5057.535,129,16,0,0.2217,
458,10,10,1.0,378.327,3783.274,130,10,0,0.2814,
459,15,15,1.0,314.402,4716.034,119,15,0,0.1856,
460,12,12,1.0,377.734,4532.809,135,12,0,0.1814,
461,15,15,1.0,344.866,5172.993,131,15,0,0.2011,
462,14,14,1.0,359.37,5031.176,123,14,0,0.1666,
463,11,11,1.0,378.848,4167.325,145,11,0,0.1673,
464,12,12,1.0,402.478,4829.742,134,12,0,0.1911,
465,11,11,1.0,349.076,3839.836,131,11,0,0.2282,
466,10,10,1.0,425.789,4257.892,132,10,0,0.235,
467,12,12,1.0,332.866,3994.396,142,12,0,0.2945,
468,11,11,1.0,395.719,4352.912,120,11,0,0.2124,
469,12,12,1.0,365.807,4389.679,141,12,0,0.179,
470,10,10,1.0,412.772,4127.72,141,10,0,0.1343,
471,15,15,1.0,336.934,5054.012,117,15,0,0.1258,
472,11,11,1.0,399.409,4393.501,150,11,0,0.1115,
473,12,12,1.0,370.393,4444.721,141,12,0,0.1361,
474,10,10,1.0,418.401,4184.01,135,10,0,0.1084,
475,10,10,1.0,447.136,4471.363,141,10,0,0.0965,
476,13,13,1.0,373.5,4855.502,134,13,0,0.1183,
477,14,14,1.0,338.455,4738.366,130,14,0,0.1443,
478,12,12,1.0,362.878,4354.539,135,12,0,0.1224,
479,16,16,1.0,312.991,5007.857,120,16,0,0.1256,
480,13,13,1.0,376.691,4896.977,120,13,0,0.1158,
481,15,15,1.0,352.339,5285.079,126,15,0,0.1424,
482,14,14,1.0,321.134,4495.875,129,14,0,0.1266,
483,14,14,1.0,342.511,4795.16,113,14,0,0.1124,
484,14,14,1.0,321.98,4507.714,141,14,0,0.1363,
485,11,11,1.0,432.993,4762.921,134,11,0,0.1175,
486,11,11,1.0,429.541,4724.947,140,11,0,0.1559,
487,16,16,1.0,318.238,5091.81,124,16,0,0.1548,
488,10,10,1.0,412.12,4121.204,137,10,0,0.1692,
489,11,11,1.0,420.999,4630.994,138,11,0,0.1595,
490,15,15,1.0,295.128,4426.927,128,15,0,0.1585,
491,13,13,1.0,349.203,4539.643,128,13,0,0.1465,
492,16,16,1.0,319.371,5109.932,130,16,0,0.1715,
493,12,12,1.0,391.252,4695.021,125,12,0,0.1119,
494,15,15,1.0,340.158,5102.375,138,15,0,0.1365,
495,15,15,1.0,307.809,4617.139,131,15,0,0.1522,
496,15,15,1.0,365.447,5481.702,134,15,0,0.1254,
497,12,12,1.0,379.057,4548.68,136,12,0,0.1211,
498,13,13,1.0,313.194,4071.524,131,13,0,0.1293,
499,10,10,1.0,437.971,4379.705,137,10,0,0.1042,
500,16,16,1.0,321.663,5146.61,131,16,0,0.1314,
501,15,15,1.0,323.138,4847.073,122,15,0,0.1474,
502,14,14,1.0,352.916,4940.82,139,14,0,0.1635,
503,11,11,1.0,408.749,4496.24,133,11,0,0.1651,
504,13,13,1.0,352.867,4587.274,140,13,0,0.1712,
505,11,11,1.0,420.296,4623.253,140,11,0,0.153,
506,16,16,1.0,320.53,5128.475,131,16,0,0.1805,
507,13,13,1.0,336.773,4378.055,136,13,0,0.1503,
508,14,14,1.0,326.177,4566.476,127,14,0,0.1505,
509,15,15,1.0,296.705,4450.573,122,15,0,0.1572,
510,15,15,1.0,319.115,4786.727,144,15,0,0.1673,
511,10,10,1.0,419.32,4193.202,139,10,0,0.1193,
512,10,10,1.0,455.313,4553.125,140,10,0,0.1152,
513,10,10,1.0,365.777,3657.766,143,10,0,0.1314,
514,12,12,1.0,429.432,5153.18,134,12,0,0.1108,
515,11,11,1.0,443.068,4873.743,125,11,0,0.1111,
516,16,16,1.0,291.085,4657.353,152,16,0,0.1543,
517,16,16,1.0,345.87,5533.918,128,16,0,0.1302,
518,16,16,1.0,335.14,5362.243,130,16,0,0.1307,
519,14,14,1.0,335.949,4703.282,120,14,0,0.1209,
520,10,10,1.0,411.186,4111.862,146,10,0,0.1098,
521,10,10,1.0,383.795,3837.949,136,10,0,0.1435,
522,10,10,1.0,412.499,4124.992,137,10,0,0.1194,
523,15,15,1.0,345.159,5177.389,130,15,0,0.1455,
524,11,11,1.0,384.911,4234.024,135,11,0,0.1067,
525,16,16,1.0,330.997,5295.954,122,16,0,0.1447,
526,11,11,1.0,379.83,4178.132,129,11,0,0.1014,
527,13,13,1.0,391.155,5085.011,129,13,0,0.1255,
528,16,16,1.0,327.089,5233.423,128,16,0,0.1336,
529,15,15,1.0,315.63,4734.45,131,15,0,0.1604,
530,12,12,1.0,408.239,4898.871,130,12,0,0.147,
531,15,15,1.0,336.197,5042.959,137,15,0,0.1609,
532,11,11,1.0,377.52,4152.724,137,11,0,0.1156,
533,13,13,1.0,384.656,5000.522,138,13,0,0.1388,
534,13,13,1.0,376.952,4900.371,139,13,0,0.1327,
535,11,11,1.0,364.576,4010.331,144,11,0,0.1174,
536,15,15,1.0,326.726,4900.897,125,15,0,0.1344,
537,15,15,1.0,321.876,4828.145,132,15,0,0.1492,
538,12,12,1.0,375.606,4507.277,132,12,0,0.137,
539,12,12,1.0,375.628,4507.534,133,12,0,0.1638,
540,14,14,1.0,359.116,5027.622,135,14,0,0.1475,
541,12,12,1.0,391.681,4700.172,142,12,0,0.1473,
542,13,13,1.0,379.335,4931.349,122,13,0,0.1463,
543,16,16,1.0,306.476,4903.609,133,16,0,0.1269,
544,15,15,1.0,353.655,5304.832,141,15,0,0.1335,
545,11,11,1.0,399.804,4397.844,142,11,0,0.1336,
546,10,10,1.0,444.014,4440.137,147,10,0,0.0955,
547,10,10,1.0,481.447,4814.475,143,10,0,0.1076,
548,10,10,1.0,436.812,4368.118,142,10,0,0.106,
549,15,15,1.0,330.765,4961.482,130,15,0,0.1382,
550,16,16,1.0,362.149,5794.382,128,16,0,0.1255,
551,14,14,1.0,348.157,4874.194,132,14,0,0.1536,
552,10,10,1.0,442.147,4421.474,148,10,0,0.1075,
553,13,13,1.0,389.886,5068.522,143,13,0,0.1139,
554,14,14,1.0,345.386,4835.399,138,14,0,0.1107,
555,11,11,1.0,405.013,4455.142,147,11,0,0.1589,
556,15,15,1.0,321.803,4827.052,120,15,0,0.1156,
557,10,10,1.0,429.384,4293.842,142,10,0,0.1281,
558,13,13,1.0,377.019,4901.252,130,13,0,0.1321,
559,10,10,1.0,413.867,4138.674,141,10,0,0.1451,
560,16,16,1.0,305.084,4881.337,142,16,0,0.128,
561,14,14,1.0,346.875,4856.248,131,14,0,0.1211,
562,15,15,1.0,316.85,4752.749,116,15,0,0.1534,
563,14,14,1.0,349.541,4893.579,135,14,0,0.1567,
564,12,12,1.0,362.613,4351.359,126,12,0,0.1483,
565,15,15,1.0,343.921,5158.819,131,15,0,0.1596,
566,16,16,1.0,305.872,4893.952,142,16,0,0.1624,
567,11,11,1.0,409.551,4505.065,135,11,0,0.1404,
568,10,10,1.0,438.211,4382.113,138,10,0,0.1431,
569,14,14,1.0,320.069,4480.968,143,14,0,0.1678,
570,10,10,1.0,399.607,3996.069,141,10,0,0.1936,
571,11,11,1.0,405.837,4464.207,152,11,0,0.1574,
572,11,11,1.0,405.0,4455.0,138,11,0,0.1222,
573,15,15,1.0,339.266,5088.992,134,15,0,0.1605,
574,12,12,1.0,368.861,4426.332,126,12,0,0.1306,
575,12,12,1.0,379.578,4554.933,127,12,0,0.1454,
576,16,16,1.0,304.332,4869.314,132,16,0,0.1497,
577,13,13,1.0,353.558,4596.248,124,13,0,0.1406,
578,16,16,1.0,301.798,4828.774,136,16,0,0.1679,
579,12,12,1.0,352.402,4228.824,134,12,0,0.147,
580,14,14,1.0,322.563,4515.885,140,14,0,0.1591,
581,15,15,1.0,327.285,4909.272,111,15,0,0.1667,
582,11,11,1.0,390.608,4296.693,140,11,0,0.197,
583,14,14,1.0,327.578,4586.094,124,14,0,0.1856,
584,14,14,1.0,331.163,4636.278,138,14,0,0.2764,
585,10,10,1.0,407.088,4070.875,137,10,0,0.1652,
586,15,15,1.0,323.731,4855.962,140,15,0,0.1547,
587,15,15,1.0,321.907,4828.6,136,15,0,0.1314,
588,15,15,1.0,340.01,5100.143,126,15,0,0.1468,
589,10,10,1.0,441.79,4417.904,147,10,0,0.1389,
590,10,10,1.0,414.684,4146.843,148,10,0,0.1199,
591,14,14,1.0,365.488,5116.835,133,14,0,0.1617,
592,10,10,1.0,434.999,4349.993,126,10,0,0.1512,
593,12,12,1.0,397.163,4765.951,132,12,0,0.1645,
594,11,11,1.0,396.143,4357.571,133,11,0,0.129,
595,12,12,1.0,352.191,4226.292,118,12,0,0.1216,
596,13,13,1.0,363.454,4724.899,135,13,0,0.1366,
597,10,10,1.0,442.156,4421.56,137,10,0,0.131,
598,16,16,1.0,295.51,4728.157,148,16,0,0.2545,
599,15,15,1.0,313.992,4709.885,127,15,0,0.3311,
600,12,12,1.0,392.637,4711.643,142,12,0,0.254,
601,11,11,1.0,408.679,4495.473,132,11,0,0.2132,
602,13,13,1.0,383.938,4991.198,151,13,0,0.2341,
603,11,11,1.0,436.892,4805.807,134,11,0,0.204,
604,10,10,1.0,389.522,3895.223,139,10,0,0.1301,
605,11,11,1.0,393.567,4329.238,145,11,0,0.1324,
606,15,15,1.0,356.571,5348.558,140,15,0,0.1607,
607,15,15,1.0,362.313,5434.695,128,15,0,0.175,
608,11,11,1.0,391.14,4302.544,141,11,0,0.1525,
609,15,15,1.0,329.73,4945.947,140,15,0,0.1446,
610,13,13,1.0,353.871,4600.323,137,13,0,0.1245,
611,14,14,1.0,358.331,5016.631,122,14,0,0.1037,
612,16,16,1.0,297.015,4752.245,114,16,0,0.1507,
613,12,12,1.0,367.822,4413.858,112,12,0,0.0986,
614,12,12,1.0,344.959,4139.513,129,12,0,0.1443,
615,11,11,1.0,373.591,4109.502,144,11,0,0.1283,
616,10,10,1.0,411.221,4112.212,133,10,0,0.1055,
617,15,15,1.0,359.485,5392.278,131,15,0,0.1617,
618,13,13,1.0,365.949,4757.338,123,13,0,0.1341,
619,14,14,1.0,325.474,4556.639,125,14,0,0.1431,
620,11,11,1.0,404.127,4445.395,142,11,0,0.1858,
621,12,12,1.0,371.003,4452.038,134,12,0,0.1661,
622,12,12,1.0,363.123,4357.477,120,12,0,0.1508,
623,10,10,1.0,390.14,3901.397,139,10,0,0.1699,
624,11,11,1.0,424.024,4664.266,138,11,0,0.1743,
625,13,13,1.0,379.751,4936.758,140,13,0,0.177,
626,12,12,1.0,404.37,4852.44,155,12,0,0.194,
627,12,12,1.0,387.787,4653.442,128,12,0,0.1433,
628,13,13,1.0,353.12,4590.561,125,13,0,0.1812,
629,10,10,1.0,395.107,3951.067,131,10,0,0.1295,
630,13,13,1.0,363.764,4728.926,135,13,0,0.1707,
631,16,16,1.0,310.397,4966.359,127,16,0,0.2234,
632,12,12,1.0,383.246,4598.952,146,12,0,0.1696,
633,10,10,1.0,425.509,4255.086,128,10,0,0.1517,
634,11,11,1.0,418.063,4598.696,145,11,0,0.1648,
635,12,12,1.0,373.598,4483.176,142,12,0,0.1353,
636,11,11,1.0,410.859,4519.445,152,11,0,0.1875,
637,13,13,1.0,353.338,4593.395,117,13,0,0.1142,
638,15,15,1.0,336.559,5048.392,141,15,0,0.1673,
639,15,15,1.0,341.881,5128.217,134,15,0,0.2479,
640,10,10,1.0,422.674,4226.738,135,10,0,0.166,
641,13,13,1.0,351.526,4569.844,139,13,0,0.1985,
642,15,15,1.0,334.568,5018.526,122,15,0,0.1778,
643,14,14,1.0,322.88,4520.32,120,14,0,0.2392,
644,13,13,1.0,356.019,4628.244,138,13,0,0.1855,
645,11,11,1.0,403.53,4438.83,131,11,0,0.1349,
646,14,14,1.0,331.723,4644.126,138,14,0,0.1943,
647,15,15,1.0,338.499,5077.484,130,15,0,0.159,
648,15,15,1.0,366.439,5496.585,125,15,0,0.1448,
649,12,12,1.0,387.808,4653.699,128,12,0,0.1474,
650,12,12,1.0,395.153,4741.833,124,12,0,0.1437,
651,10,10,1.0,413.593,4135.93,141,10,0,0.1705,
652,11,11,1.0,430.297,4733.263,136,11,0,0.1415,
653,15,15,1.0,307.7,4615.494,137,15,0,0.1372,
654,15,15,1.0,329.743,4946.142,133,15,0,0.1566,
655,16,16,1.0,309.807,4956.908,122,16,0,0.1527,
656,15,15,1.0,343.237,5148.56,128,15,0,0.1403,
657,14,14,1.0,309.511,4333.161,124,14,0,0.1199,
658,11,11,1.0,398.652,4385.176,130,11,0,0.1096,
659,15,15,1.0,316.971,4754.558,121,15,0,0.1768,
660,10,10,1.0,391.793,3917.93,136,10,0,0.1571,
661,11,11,1.0,380.901,4189.91,136,11,0,0.1222,
662,15,15,1.0,346.16,5192.403,122,15,0,0.1707,
663,15,15,1.0,349.318,5239.776,123,15,0,0.1447,
664,16,16,1.0,335.617,5369.865,127,16,0,0.1683,
665,14,14,1.0,335.58,4698.119,134,14,0,0.1453,
666,13,13,1.0,379.019,4927.252,142,13,0,0.1468,
667,10,10,1.0,387.308,3873.083,151,10,0,0.105,
668,13,13,1.0,348.472,4530.132,146,13,0,0.1146,
669,12,12,1.0,366.977,4403.719,141,12,0,0.1133,
670,14,14,1.0,362.334,5072.682,139,14,0,0.1389,
671,16,16,1.0,321.567,5145.079,120,16,0,0.1249,
672,10,10,1.0,416.452,4164.521,138,10,0,0.0935,
673,14,14,1.0,375.475,5256.647,138,14,0,0.1314,
674,13,13,1.0,359.996,4679.945,133,13,0,0.1062,
675,11,11,1.0,408.296,4491.251,134,11,0,0.1076,
676,10,10,1.0,434.134,4341.344,131,10,0,0.1155,
677,15,15,1.0,310.513,4657.692,148,15,0,0.1439,
678,10,10,1.0,404.869,4048.692,128,10,0,0.1145,
679,15,15,1.0,360.286,5404.293,116,15,0,0.1076,
680,14,14,1.0,336.553,4711.745,122,14,0,0.1178,
681,13,13,1.0,383.891,4990.582,124,13,0,0.1131,
682,14,14,1.0,344.84,4827.764,138,14,0,0.1552,
683,13,13,1.0,375.993,4887.906,136,13,0,0.1281,
684,13,13,1.0,393.101,5110.31,136,13,0,0.1395,
685,12,12,1.0,379.14,4549.681,146,12,0,0.1601,
686,14,14,1.0,355.709,4979.931,119,14,0,0.1212,
687,13,13,1.0,374.834,4872.841,131,13,0,0.15,
688,16,16,1.0,314.486,5031.775,128,16,0,0.1296,
689,14,14,1.0,333.79,4673.065,127,14,0,0.1388,
690,12,12,1.0,356.052,4272.623,120,12,0,0.1614,
691,15,15,1.0,329.606,4944.086,129,15,0,0.1559,
692,16,16,1.0,317.811,5084.979,148,16,0,0.1849,
693,13,13,1.0,385.571,5012.425,146,13,0,0.1706,
694,15,15,1.0,336.0,5040.001,126,15,0,0.1277,
695,12,12,1.0,366.306,4395.674,142,12,0,0.1434,
696,11,11,1.0,423.037,4653.409,130,11,0,0.1257,
697,11,11,1.0,368.552,4054.075,136,11,0,0.1208,
698,16,16,1.0,327.746,5243.928,129,16,0,0.1563,
699,12,12,1.0,357.015,4284.179,137,12,0,0.1534,
700,11,11,1.0,391.782,4309.603,132,11,0,0.1359,
701,15,15,1.0,313.651,4704.771,141,15,0,0.1754,
702,16,16,1.0,286.088,4577.409,134,16,0,0.1508,
703,10,10,1.0,449.93,4499.298,145,10,0,0.133,
704,16,16,1.0,311.65,4986.398,119,16,0,0.1594,
705,16,16,1.0,351.434,5622.948,135,16,0,0.1683,
706,14,14,1.0,342.81,4799.336,131,14,0,0.1278,
707,10,10,1.0,385.94,3859.396,139,10,0,0.1357,
708,10,10,1.0,439.437,4394.375,149,10,0,0.1335,
709,14,14,1.0,349.823,4897.526,130,14,0,0.136,
710,13,13,1.0,350.534,4556.941,131,13,0,0.133,
711,14,14,1.0,351.425,4919.947,129,14,0,0.1447,
712,12,12,1.0,391.421,4697.05,145,12,0,0.1674,
713,13,13,1.0,395.519,5141.741,129,13,0,0.1233,
714,16,16,1.0,353.025,5648.405,156,16,0,0.1472,
715,14,14,1.0,362.864,5080.097,122,14,0,0.1163,
716,11,11,1.0,412.195,4534.143,155,11,0,0.1371,
717,11,11,1.0,432.975,4762.722,142,11,0,0.138,
718,12,12,1.0,391.851,4702.217,139,12,0,0.1243,
719,12,12,1.0,343.479,4121.744,132,12,0,0.1238,
720,15,15,1.0,328.028,4920.422,112,15,0,0.1288,
721,11,11,1.0,398.072,4378.789,129,11,0,0.1193,
722,14,14,1.0,326.603,4572.439,123,14,0,0.1455,
723,14,14,1.0,347.027,4858.383,132,14,0,0.1273,
724,15,15,1.0,338.383,5075.741,134,15,0,0.1341,
725,10,10,1.0,403.708,4037.08,144,10,0,0.1069,
726,12,12,1.0,399.903,4798.84,137,12,0,0.1317,
727,14,14,1.0,366.236,5127.311,120,14,0,0.1215,
728,10,10,1.0,431.692,4316.918,143,10,0,0.109,
729,15,15,1.0,323.489,4852.337,131,15,0,0.1334,
730,12,12,1.0,380.108,4561.3,136,12,0,0.129,
731,15,15,1.0,340.101,5101.52,125,15,0,0.1178,
732,15,15,1.0,311.408,4671.116,117,15,0,0.1329,
733,13,13,1.0,363.275,4722.578,136,13,0,0.1454,
734,15,15,1.0,333.437,5001.555,143,15,0,0.14,
735,13,13,1.0,370.648,4818.426,136,13,0,0.1143,
736,12,12,1.0,384.369,4612.432,134,12,0,0.1009,
737,10,10,1.0,414.977,4149.769,133,10,0,0.0975,
738,16,16,1.0,322.313,5157.012,140,16,0,0.1515,
739,11,11,1.0,402.09,4422.99,139,11,0,0.1171,
740,14,14,1.0,339.496,4752.943,124,14,0,0.1099,
741,11,11,1.0,401.798,4419.776,133,11,0,0.1074,
742,13,13,1.0,343.91,4470.833,123,13,0,0.1302,
743,15,15,1.0,362.234,5433.509,126,15,0,0.1049,
744,12,12,1.0,383.513,4602.152,129,12,0,0.1179,
745,11,11,1.0,339.521,3734.729,140,11,0,0.1384,
746,13,13,1.0,358.718,4663.328,144,13,0,0.1641,
747,12,12,1.0,371.813,4461.758,123,12,0,0.1164,
748,10,10,1.0,401.13,4011.302,123,10,0,0.1079,
749,16,16,1.0,318.302,5092.829,140,16,0,0.1486,
750,12,12,1.0,432.5,5190.002,135,12,0,0.1057,
751,16,16,1.0,324.925,5198.801,133,16,0,0.152,
752,14,14,1.0,362.922,5080.914,150,14,0,0.1377,
753,16,16,1.0,316.219,5059.511,131,16,0,0.149,
754,11,11,1.0,383.603,4219.629,133,11,0,0.1179,
755,16,16,1.0,328.958,5263.329,159,16,0,0.1713,
756,13,13,1.0,344.817,4482.617,140,13,0,0.1513,
757,13,13,1.0,375.013,4875.175,135,13,0,0.1476,
758,12,12,1.0,379.54,4554.476,130,12,0,0.124,
759,10,10,1.0,462.732,4627.32,133,10,0,0.1006,
760,11,11,1.0,409.024,4499.268,137,11,0,0.0977,
761,11,11,1.0,389.626,4285.887,123,11,0,0.1121,
762,15,15,1.0,366.401,5496.017,126,15,0,0.1339,
763,14,14,1.0,343.724,4812.129,155,14,0,0.1206,
764,15,15,1.0,347.365,5210.476,126,15,0,0.1418,
765,10,10,1.0,409.088,4090.881,146,10,0,0.1356,
766,12,12,1.0,332.709,3992.512,129,12,0,0.1284,
767,16,16,1.0,331.147,5298.351,128,16,0,0.1319,
768,10,10,1.0,427.47,4274.703,131,10,0,0.1172,
769,10,10,1.0,419.465,4194.649,138,10,0,0.1188,
770,13,13,1.0,334.641,4350.335,129,13,0,0.1184,
771,13,13,1.0,325.851,4236.062,125,13,0,0.1379,
772,10,10,1.0,393.636,3936.361,142,10,0,0.3041,
773,11,11,1.0,397.063,4367.693,136,11,0,0.1915,
774,12,12,1.0,388.503,4662.04,135,12,0,0.1535,
775,13,13,1.0,373.033,4849.426,139,13,0,0.1739,
776,13,13,1.0,361.414,4698.387,146,13,0,0.155,
777,11,11,1.0,391.328,4304.605,133,11,0,0.1679,
778,10,10,1.0,398.76,3987.6,137,10,0,0.1163,
779,14,14,1.0,308.587,4320.223,125,14,0,0.1687,
780,11,11,1.0,413.444,4547.885,140,11,0,0.1386,
781,11,11,1.0,438.582,4824.401,134,11,0,0.1324,
782,15,15,1.0,314.162,4712.432,145,15,0,0.1374,
783,14,14,1.0,342.995,4801.934,145,14,0,0.1408,
784,13,13,1.0,328.746,4273.7,124,13,0,0.1448,
785,14,14,1.0,351.9,4926.604,138,14,0,0.1544,
786,16,16,1.0,307.202,4915.227,138,16,0,0.1594,
787,12,12,1.0,376.429,4517.144,123,12,0,0.155,
788,14,14,1.0,321.154,4496.156,138,14,0,0.1597,
789,13,13,1.0,352.718,4585.337,136,13,0,0.1601,
790,15,15,1.0,346.259,5193.885,142,15,0,0.1489,
791,15,15,1.0,332.482,4987.225,135,15,0,0.1487,
792,14,14,1.0,317.425,4443.955,126,14,0,0.1463,
793,16,16,1.0,338.609,5417.74,120,16,0,0.1334,
794,12,12,1.0,392.893,4714.718,130,12,0,0.1581,
795,13,13,1.0,388.832,5054.819,124,13,0,0.1407,
796,14,14,1.0,348.354,4876.96,127,14,0,0.1368,
797,14,14,1.0,310.119,4341.672,137,14,0,0.1632,
798,13,13,1.0,371.152,4824.979,138,13,0,0.1049,
799,16,16,1.0,292.118,4673.895,121,16,0,0.1267,
800,15,15,1.0,322.195,4832.925,122,15,0,0.1253,
801,10,10,1.0,423.53,4235.299,136,10,0,0.1236,
802,14,14,1.0,327.532,4585.453,132,14,0,0.1041,
803,10,10,1.0,417.111,4171.108,134,10,0,0.0903,
804,13,13,1.0,349.943,4549.262,120,13,0,0.1181,
805,13,13,1.0,353.057,4589.736,135,13,0,0.1292,
806,13,13,1.0,366.372,4762.83,125,13,0,0.112,
807,12,12,1.0,378.626,4543.517,155,12,0,0.1484,
808,12,12,1.0,388.3,4659.602,127,12,0,0.0969,
809,10,10,1.0,425.747,4257.473,128,10,0,0.0941,
810,15,15,1.0,323.348,4850.216,142,15,0,0.1571,
811,10,10,1.0,422.116,4221.159,128,10,0,0.1039,
812,10,10,1.0,414.032,4140.323,140,10,0,0.1069,
813,11,11,1.0,403.751,4441.265,137,11,0,0.1292,
814,14,14,1.0,368.715,5162.004,142,14,0,0.1247,
815,10,10,1.0,386.611,3866.112,141,10,0,0.1345,
816,11,11,1.0,387.237,4259.603,145,11,0,0.131,
817,11,11,1.0,458.238,5040.621,135,11,0,0.1196,
818,13,13,1.0,400.454,5205.907,136,13,0,0.1212,
819,12,12,1.0,380.241,4562.895,143,12,0,0.1079,
820,11,11,1.0,439.887,4838.758,136,11,0,0.1437,
821,14,14,1.0,317.474,4444.634,126,14,0,0.1373,
822,10,10,1.0,446.813,4468.134,144,10,0,0.1453,
823,12,12,1.0,373.809,4485.706,137,12,0,0.1368,
824,15,15,1.0,328.564,4928.458,126,15,0,0.1407,
825,12,12,1.0,391.4,4696.802,135,12,0,0.1039,
826,14,14,1.0,344.242,4819.394,126,14,0,0.1313,
827,12,12,1.0,431.137,5173.644,140,12,0,0.1148,
828,11,11,1.0,406.615,4472.765,139,11,0,0.0965,
829,11,11,1.0,434.019,4774.207,134,11,0,0.1146,
830,10,10,1.0,422.593,4225.932,143,10,0,0.0998,
831,11,11,1.0,355.08,3905.88,124,11,0,0.1093,
832,15,15,1.0,374.163,5612.45,133,15,0,0.135,
833,14,14,1.0,367.619,5146.669,132,14,0,0.1266,
834,12,12,1.0,359.965,4319.581,154,12,0,0.1385,
835,14,14,1.0,361.492,5060.889,134,14,0,0.1332,
836,13,13,1.0,377.962,4913.512,137,13,0,0.1167,
837,14,14,1.0,359.133,5027.863,134,14,0,0.159,
838,14,14,1.0,310.586,4348.202,120,14,0,0.1326,
839,14,14,1.0,337.846,4729.846,153,14,0,0.1446,
840,11,11,1.0,371.617,4087.788,135,11,0,0.0925,
841,14,14,1.0,339.312,4750.374,130,14,0,0.1339,
842,10,10,1.0,389.393,3893.933,137,10,0,0.1472,
843,15,15,1.0,332.686,4990.287,139,15,0,0.1557,
844,15,15,1.0,345.996,5189.943,129,15,0,0.1453,
845,10,10,1.0,399.451,3994.506,152,10,0,0.1749,
846,10,10,1.0,365.341,3653.414,134,10,0,0.1184,
847,13,13,1.0,347.357,4515.636,145,13,0,0.1356,
848,16,16,1.0,304.693,4875.085,125,16,0,0.1747,
849,10,10,1.0,429.596,4295.961,135,10,0,0.2458,
850,16,16,1.0,353.09,5649.437,111,16,0,0.2351,
851,14,14,1.0,360.677,5049.481,123,14,0,0.2335,
852,16,16,1.0,343.701,5499.208,147,16,0,0.2117,
853,13,13,1.0,382.013,4966.172,129,13,0,0.1754,
854,16,16,1.0,297.963,4767.4,127,16,0,0.1926,
855,11,11,1.0,388.382,4272.201,126,11,0,0.107,
856,11,11,1.0,394.382,4338.204,129,11,0,0.1505,
857,13,13,1.0,375.537,4881.985,134,13,0,0.1059,
858,14,14,1.0,361.365,5059.112,137,14,0,0.1308,
859,14,14,1.0,326.915,4576.817,126,14,0,0.1231,
860,11,11,1.0,395.026,4345.291,137,11,0,0.1455,
861,16,16,1.0,315.366,5045.863,132,16,0,0.1328,
862,14,14,1.0,337.863,4730.077,125,14,0,0.1248,
863,14,14,1.0,330.476,4626.67,134,14,0,0.1435,
864,12,12,1.0,402.243,4826.921,131,12,0,0.1084,
865,13,13,1.0,371.358,4827.649,146,13,0,0.1262,
866,10,10,1.0,431.248,4312.478,124,10,0,0.1144,
867,16,16,1.0,292.682,4682.915,123,16,0,0.1569,
868,13,13,1.0,373.091,4850.178,138,13,0,0.1108,
869,13,13,1.0,390.133,5071.735,140,13,0,0.1592,
870,11,11,1.0,410.178,4511.963,135,11,0,0.1146,
871,12,12,1.0,385.307,4623.68,144,12,0,0.1212,
872,14,14,1.0,376.411,5269.753,138,14,0,0.1239,
873,11,11,1.0,421.634,4637.972,150,11,0,0.104,
874,14,14,1.0,333.818,4673.459,139,14,0,0.1417,
875,14,14,1.0,338.398,4737.568,142,14,0,0.1326,
876,15,15,1.0,333.604,5004.064,143,15,0,0.1448,
877,11,11,1.0,400.405,4404.458,139,11,0,0.1665,
878,16,16,1.0,356.007,5696.107,127,16,0,0.1413,
879,10,10,1.0,446.971,4469.708,141,10,0,0.1105,
880,10,10,1.0,405.327,4053.266,137,10,0,0.153,
881,15,15,1.0,319.353,4790.292,120,15,0,0.1404,
882,10,10,1.0,387.573,3875.734,141,10,0,0.1367,
883,14,14,1.0,375.44,5256.16,129,14,0,0.1266,
884,16,16,1.0,313.477,5015.626,129,16,0,0.1671,
885,12,12,1.0,380.845,4570.138,150,12,0,0.136,
886,11,11,1.0,373.883,4112.713,140,11,0,0.1247,
887,13,13,1.0,352.667,4584.67,137,13,0,0.1397,
888,10,10,1.0,430.014,4300.138,151,10,0,0.1608,
889,15,15,1.0,343.062,5145.926,127,15,0,0.1575,
890,10,10,1.0,448.153,4481.533,136,10,0,0.1121,
891,15,15,1.0,307.086,4606.293,126,15,0,0.1312,
892,11,11,1.0,390.303,4293.332,146,11,0,0.1032,
893,14,14,1.0,349.549,4893.692,143,14,0,0.148,
894,13,13,1.0,358.532,4660.914,132,13,0,0.1146,
895,15,15,1.0,352.456,5286.836,133,15,0,0.1253,
896,11,11,1.0,419.571,4615.276,137,11,0,0.1143,
897,10,10,1.0,412.502,4125.015,142,10,0,0.155,
898,13,13,1.0,349.238,4540.096,147,13,0,0.1877,
899,16,16,1.0,302.757,4844.105,127,16,0,0.2261,
900,14,14,1.0,324.707,4545.897,128,14,0,0.2017,
901,13,13,1.0,379.673,4935.754,140,13,0,0.2719,
902,12,12,1.0,378.227,4538.723,137,12,0,0.1474,
903,10,10,1.0,402.145,4021.45,140,10,0,0.1437,
904,15,15,1.0,321.41,4821.144,125,15,0,0.1254,
905,15,15,1.0,322.917,4843.748,134,15,0,0.1387,
906,10,10,1.0,464.406,4644.061,139,10,0,0.122,
907,15,15,1.0,289.052,4335.784,133,15,0,0.1302,
908,15,15,1.0,348.121,5221.816,130,15,0,0.1164,
909,11,11,1.0,414.545,4559.998,132,11,0,0.1113,
910,14,14,1.0,363.416,5087.829,135,14,0,0.1218,
911,13,13,1.0,369.803,4807.433,132,13,0,0.124,
912,14,14,1.0,366.187,5126.619,130,14,0,0.1154,
913,10,10,1.0,449.028,4490.278,145,10,0,0.1401,
914,10,10,1.0,409.841,4098.413,142,10,0,0.1112,
915,11,11,1.0,414.752,4562.272,135,11,0,0.1221,
916,15,15,1.0,341.795,5126.921,137,15,0,0.1201,
917,16,16,1.0,293.076,4689.211,123,16,0,0.1444,
918,16,16,1.0,333.479,5335.665,123,16,0,0.1394,
919,15,15,1.0,356.564,5348.464,147,15,0,0.155,
920,14,14,1.0,343.074,4803.039,141,14,0,0.1351,
921,12,12,1.0,392.089,4705.065,140,12,0,0.1736,
922,10,10,1.0,416.768,4167.682,132,10,0,0.1457,
923,16,16,1.0,326.955,5231.273,125,16,0,0.1632,
924,14,14,1.0,333.865,4674.116,125,14,0,0.1424,
925,10,10,1.0,415.636,4156.362,141,10,0,0.1519,
926,15,15,1.0,334.756,5021.339,140,15,0,0.1464,
927,15,15,1.0,323.147,4847.211,130,15,0,0.1229,
928,12,12,1.0,407.143,4885.711,129,12,0,0.133,
929,11,11,1.0,427.761,4705.372,132,11,0,0.1196,
930,14,14,1.0,356.272,4987.815,125,14,0,0.1195,
931,16,16,1.0,285.559,4568.94,128,16,0,0.1325,
932,14,14,1.0,373.169,5224.366,123,14,0,0.1129,
933,14,14,1.0,325.993,4563.901,132,14,0,0.1296,
934,13,13,1.0,344.463,4478.019,128,13,0,0.1484,
935,16,16,1.0,319.197,5107.155,131,16,0,0.1465,
936,11,11,1.0,412.083,4532.909,138,11,0,0.1083,
937,14,14,1.0,344.235,4819.293,140,14,0,0.1391,
938,13,13,1.0,352.377,4580.897,144,13,0,0.1282,
939,10,10,1.0,407.365,4073.648,138,10,0,0.1189,
940,12,12,1.0,391.915,4702.975,137,12,0,0.1406,
941,12,12,1.0,366.973,4403.679,133,12,0,0.1216,
942,13,13,1.0,351.88,4574.439,134,13,0,0.1077,
943,14,14,1.0,325.49,4556.859,133,14,0,0.1525,
944,10,10,1.0,425.417,4254.172,131,10,0,0.1244,
945,13,13,1.0,349.827,4547.755,141,13,0,0.1541,
946,10,10,1.0,422.0,4220.004,140,10,0,0.1369,
947,11,11,1.0,388.36,4271.957,132,11,0,0.1249,
948,14,14,1.0,353.673,4951.428,126,14,0,0.142,
949,12,12,1.0,428.572,5142.861,137,12,0,0.1413,
950,11,11,1.0,417.772,4595.492,148,11,0,0.1286,
951,16,16,1.0,318.987,5103.8,122,16,0,0.1693,
952,10,10,1.0,413.565,4135.651,134,10,0,0.1294,
953,10,10,1.0,419.316,4193.164,129,10,0,0.1213,
954,11,11,1.0,386.333,4249.66,138,11,0,0.1506,
955,15,15,1.0,329.295,4939.422,135,15,0,0.1656,
956,15,15,1.0,322.429,4836.442,126,15,0,0.1644,
957,13,13,1.0,361.81,4703.526,130,13,0,0.1132,
958,12,12,1.0,391.906,4702.877,133,12,0,0.1248,
959,13,13,1.0,368.224,4786.915,141,13,0,0.1428,
960,13,13,1.0,352.51,4582.631,140,13,0,0.129,
961,15,15,1.0,316.591,4748.861,131,15,0,0.1288,
962,12,12,1.0,382.638,4591.659,132,12,0,0.1457,
963,14,14,1.0,346.507,4851.101,124,14,0,0.1214,
964,16,16,1.0,336.161,5378.577,116,16,0,0.1235,
965,11,11,1.0,361.225,3973.472,137,11,0,0.1058,
966,10,10,1.0,437.237,4372.369,135,10,0,0.132,
967,14,14,1.0,327.901,4590.615,116,14,0,0.1047,
968,16,16,1.0,329.787,5276.598,122,16,0,0.1262,
969,13,13,1.0,366.631,4766.209,141,13,0,0.1076,
970,16,16,1.0,339.622,5433.956,142,16,0,0.1874,
971,12,12,1.0,393.506,4722.074,136,12,0,0.1954,
972,15,15,1.0,337.436,5061.533,140,15,0,0.284,
973,11,11,1.0,412.674,4539.417,134,11,0,0.1602,
974,12,12,1.0,346.17,4154.038,137,12,0,0.199,
975,13,13,1.0,362.616,4714.008,134,13,0,0.1465,
976,16,16,1.0,316.675,5066.797,127,16,0,0.1613,
977,15,15,1.0,350.185,5252.776,144,15,0,0.1669,
978,14,14,1.0,351.487,4920.821,141,14,0,0.1862,
979,13,13,1.0,380.945,4952.285,130,13,0,0.1594,
980,13,13,1.0,360.915,4691.894,138,13,0,0.1834,
981,11,11,1.0,423.486,4658.344,140,11,0,0.131,
982,14,14,1.0,337.394,4723.51,141,14,0,0.1395,
983,15,15,1.0,357.679,5365.186,125,15,0,0.1445,
984,16,16,1.0,347.505,5560.079,122,16,0,0.1458,
985,12,12,1.0,369.529,4434.345,130,12,0,0.1342,
986,10,10,1.0,423.04,4230.403,137,10,0,0.1389,
987,14,14,1.0,366.246,5127.437,138,14,0,0.1632,
988,12,12,1.0,364.175,4370.1,128,12,0,0.1145,
989,16,16,1.0,314.037,5024.584,112,16,0,0.1215,
990,16,16,1.0,313.649,5018.382,126,16,0,0.1476,
991,11,11,1.0,394.59,4340.49,131,11,0,0.1331,
992,11,11,1.0,356.168,3917.845,123,11,0,0.1275,
993,10,10,1.0,444.016,4440.155,148,10,0,0.1418,
994,11,11,1.0,378.563,4164.192,124,11,0,0.1118,
995,11,11,1.0,378.26,4160.856,140,11,0,0.0934,
996,13,13,1.0,340.941,4432.231,123,13,0,0.1088,
997,13,13,1.0,348.518,4530.735,121,13,0,0.1201,
998,11,11,1.0,371.75,4089.249,142,11,0,0.1698,
999,16,16,1.0,331.809,5308.94,135,16,0,0.1346,
1000,16,16,1.0,334.661,5354.582,133,16,0,0.1463,
